Dcc 	 Index 	Channel Load 	Flush req in BE 	Flush not req in BE 	Flush req in BE in last 1 sec 	Flush not req in BE in last 1 sec
Dcc 	 0	-1.000000	0	0	0	4289545186
Dcc 	 1	-1.000000	0	0	0	0
Dcc 	 2	-1.000000	0	0	0	0
Dcc 	 3	-1.000000	0	0	0	0
Dcc 	 4	-1.000000	0	0	0	0
Dcc 	 5	-1.000000	0	0	0	0
