Obd2Service 	 speed (m/sec)
Obd2Service 	 0.000000
Obd2Service 	 40.000000
Obd2Service 	 0.000000
Obd2Service 	 90.000000
Obd2Service 	 150.000000
Obd2Service 	 120.000000
Obd2Service 	 20.000000
Obd2Service 	 0.000000
Obd2Service 	 10.000000
Obd2Service 	 70.000000
Obd2Service 	 150.000000
Obd2Service 	 110.000000
Obd2Service 	 60.000000
Obd2Service 	 30.000000
Obd2Service 	 60.000000
Obd2Service 	 30.000000
Obd2Service 	 80.000000
